datetime,0
2022-06-27,100000.0
2022-06-28,100000.0
2022-06-29,100000.0
2022-06-30,100000.0
2022-07-01,100000.0
2022-07-02,100000.0
2022-07-03,100000.0
2022-07-04,100000.0
2022-07-05,100000.0
2022-07-06,100000.0
2022-07-07,100000.0
2022-07-08,100000.0
2022-07-09,100000.0
2022-07-10,100000.0
2022-07-11,100000.0
2022-07-12,100000.0
2022-07-13,100000.0
2022-07-14,100000.0
2022-07-15,100000.0
2022-07-16,100000.0
2022-07-17,100000.0
2022-07-18,100000.0
2022-07-19,100000.0
2022-07-20,100000.0
2022-07-21,100000.0
2022-07-22,100000.0
2022-07-23,100000.0
2022-07-24,100000.0
2022-07-25,100000.0
2022-07-26,100000.0
2022-07-27,100000.0
2022-07-28,100000.0
2022-07-29,100000.0
2022-07-30,100000.0
2022-07-31,100000.0
2022-08-01,100000.0
2022-08-02,100000.0
2022-08-03,100000.0
2022-08-04,100000.0
2022-08-05,100000.0
2022-08-06,100000.0
2022-08-07,100000.0
2022-08-08,100000.0
2022-08-09,100000.0
2022-08-10,100000.0
2022-08-11,100000.0
2022-08-12,100000.0
2022-08-13,100000.0
2022-08-14,100000.0
2022-08-15,100000.0
2022-08-16,100000.0
2022-08-17,100000.0
2022-08-18,100000.0
2022-08-19,100000.0
2022-08-20,100000.0
2022-08-21,100000.0
2022-08-22,100000.0
2022-08-23,100000.0
2022-08-24,100000.0
2022-08-25,100000.0
2022-08-26,100000.0
2022-08-27,100000.0
2022-08-28,100000.0
2022-08-29,105043.20806766236
2022-08-30,102386.74281461902
2022-08-31,102792.5151919585
2022-09-01,104923.57780082258
2022-09-02,104937.14803830726
2022-09-03,105297.21494642201
2022-09-04,107233.94495471455
2022-09-05,108036.06335329163
2022-09-06,100623.13360437761
2022-09-07,105461.59419160214
2022-09-08,107224.07866158306
2022-09-09,112708.80588280094
2022-09-10,114435.5835028032
2022-09-11,113905.16411105366
2022-09-12,113951.08690889728
2022-09-13,104432.73318682189
2022-09-14,107201.85147088968
2022-09-15,103067.03579499842
2022-09-16,104365.97175925148
2022-09-17,107717.10107496123
2022-09-18,99947.44541464526
2022-09-19,101808.84589780736
2022-09-20,100355.17027453615
2022-09-21,97477.78559703406
2022-09-22,104336.78189514404
2022-09-23,107035.95906722591
2022-09-24,105411.6605840851
2022-09-25,104293.59368821222
2022-09-26,105451.43867994314
2022-09-27,103821.97262079595
2022-09-28,104307.15455439428
2022-09-29,106130.96070861488
2022-09-30,105447.36138596202
2022-10-01,103873.68345926882
2022-10-02,101464.9992338506
2022-10-03,104080.96476951578
2022-10-04,108106.25007070428
2022-10-05,107935.7239980324
2022-10-06,106275.71505794095
2022-10-07,105490.3295592242
2022-10-08,104572.36733173663
2022-10-09,105753.41919022873
2022-10-10,101726.93347749162
2022-10-11,100508.78511272762
2022-10-12,100604.18563398409
2022-10-13,99497.10980751165
2022-10-14,98702.27650441766
2022-10-15,97936.19021251272
2022-10-16,99544.40043071647
2022-10-17,100960.55265555409
2022-10-18,99174.06950744728
2022-10-19,96588.09278253227
2022-10-20,95872.32925377153
2022-10-21,97005.21090943711
2022-10-22,97629.81922656918
2022-10-23,100100.59517881271
2022-10-24,98005.53305866309
2022-10-25,103502.10053069996
2022-10-26,107070.43269602138
2022-10-27,105292.73980716016
2022-10-28,109049.60143034186
2022-10-29,116829.36211419028
2022-10-30,115340.62839779048
2022-10-31,116376.93964274661
2022-11-01,117249.94251891613
2022-11-02,114351.15261663074
2022-11-03,115352.54673636089
2022-11-04,124331.4549630088
2022-11-05,124952.04791930252
2022-11-06,118282.65274729699
2022-11-07,117624.49866572159
2022-11-08,101532.67297564648
2022-11-09,80585.55310234937
2022-11-10,93005.63090763665
2022-11-11,90698.96003361439
2022-11-12,87423.11716989115
2022-11-13,84083.78498327544
2022-11-14,86536.83482086689
2022-11-15,87763.36213377726
2022-11-16,86180.43114666252
2022-11-17,86202.65703190408
2022-11-18,86309.75652689613
2022-11-19,86236.1596239288
2022-11-20,82241.83388176277
2022-11-21,80666.98824962012
2022-11-22,85143.95669762873
2022-11-23,90265.45474614223
2022-11-24,91130.0719397554
2022-11-25,90852.17162111761
2022-11-26,91553.80069078696
2022-11-27,91584.24069057291
2022-11-28,89774.21411165189
2022-11-29,91659.19776736431
2022-11-30,95338.39934941214
2022-12-01,93108.9729675505
2022-12-02,93716.30685929787
2022-12-03,91507.93861077086
2022-12-04,93200.011537759
2022-12-05,92728.26868868916
2022-12-06,93086.56417089736
2022-12-07,90112.63387696187
2022-12-08,92159.81474171442
2022-12-09,90827.73333048413
2022-12-10,90777.86440625938
2022-12-11,89458.2252193287
2022-12-12,89146.78861004682
2022-12-13,91240.94979912494
2022-12-14,89835.29269541256
2022-12-15,87375.29657594985
2022-12-16,79165.16711720052
2022-12-17,80673.04452692038
2022-12-18,80333.73611930563
2022-12-19,77389.54374999637
2022-12-20,80031.03437195793
2022-12-21,79218.07261561551
2022-12-22,79732.03578798167
2022-12-23,79852.98886466729
2022-12-24,79521.46499362013
2022-12-25,79607.3574255078
2022-12-26,80726.17399148039
2022-12-27,79534.37600795142
2022-12-28,76462.22788370847
2022-12-29,76027.49569181322
2022-12-30,75876.3941846173
2022-12-31,76328.2265327429
2023-01-01,76603.50564796326
2023-01-02,78810.94579148229
2023-01-03,80088.62884387579
2023-01-04,82064.60002115201
2023-01-05,81246.84131187628
2023-01-06,82373.8651625278
2023-01-07,82182.89423603754
2023-01-08,85198.9326725045
2023-01-09,87929.32891540258
2023-01-10,88807.28741201086
2023-01-11,91033.74923189892
2023-01-12,93468.10395032445
2023-01-13,97267.63311021873
2023-01-14,103107.85920033461
2023-01-15,101381.68411418561
2023-01-16,101357.87369464686
2023-01-17,100949.47687867076
2023-01-18,96239.44807456163
2023-01-19,98773.02430925294
2023-01-20,105821.77036583012
2023-01-21,104296.95639655585
2023-01-22,104997.40796465325
2023-01-23,106479.8506123967
2023-01-24,102288.30299840341
2023-01-25,105710.24503070604
2023-01-26,105673.68781141353
2023-01-27,106895.8731597223
2023-01-28,105783.56973767732
2023-01-29,109803.68102391169
2023-01-30,104530.09185474443
2023-01-31,107179.06484594081
2023-02-01,109874.9540452509
2023-02-02,108943.29111337745
2023-02-03,110463.32879465549
2023-02-04,110166.52182741949
2023-02-05,107401.64858770289
2023-02-06,105436.6017922075
2023-02-07,109345.95753873204
2023-02-08,107443.82762539222
2023-02-09,100209.35680678517
2023-02-10,99362.15287062511
2023-02-11,100874.2511897523
2023-02-12,100053.58928497195
2023-02-13,98490.28293184063
2023-02-14,101708.8904716289
2023-02-15,109010.51656144374
2023-02-16,103840.86229168561
2023-02-17,107891.43098482175
2023-02-18,109010.68379249488
2023-02-19,108380.96988903297
2023-02-20,110668.84197193515
2023-02-21,107905.14604862501
2023-02-22,107345.13640106017
2023-02-23,106454.62200345901
2023-02-24,102594.02741608069
2023-02-25,102141.55873570038
2023-02-26,104215.53987278425
2023-02-27,102997.70462941851
2023-02-28,101302.01639930272
2023-03-01,103840.05538161595
2023-03-02,101873.73627236694
2023-03-03,98177.47741615087
2023-03-04,96923.60607058907
2023-03-05,96906.77384590733
2023-03-06,96212.80406358597
2023-03-07,95910.97698616121
2023-03-08,92738.95826750701
2023-03-09,87480.00811813188
2023-03-10,87385.05930208649
2023-03-11,87143.3385639804
2023-03-12,92930.45102490635
2023-03-13,97107.27228070062
2023-03-14,98843.73052043805
2023-03-15,93800.64625393639
2023-03-16,96331.75279250697
2023-03-17,102861.52918270031
2023-03-18,100011.62655695216
2023-03-19,102441.9177507936
2023-03-20,99698.34850020421
2023-03-21,105748.4624873413
2023-03-22,101726.67929257394
2023-03-23,106073.88893455964
2023-03-24,102213.15237082871
2023-03-25,101867.31873128461
2023-03-26,103407.50809375118
2023-03-27,100424.40789573458
2023-03-28,102841.69527573399
2023-03-29,105959.5659062797
2023-03-30,104423.11376673017
2023-03-31,106973.25231140932
2023-04-01,107104.80561709878
2023-04-02,105363.97133100819
2023-04-03,107273.53355664591
2023-04-04,108216.06399638431
2023-04-05,108326.70645046205
2023-04-06,106046.88654660403
2023-04-07,105501.14876566025
2023-04-08,104659.6773373462
2023-04-09,105757.60508551315
2023-04-10,108454.76888679017
2023-04-11,109808.50337060848
2023-04-12,109550.58017776304
2023-04-13,112686.2470434126
2023-04-14,114978.1304657661
2023-04-15,115425.70591756786
2023-04-16,117667.78571757872
2023-04-17,115520.81695418124
2023-04-18,118462.57590420036
2023-04-19,109064.92957945759
2023-04-20,106703.351911812
2023-04-21,102138.11836786402
2023-04-22,104646.77097505648
2023-04-23,103393.56953433578
2023-04-24,103111.64156930774
2023-04-25,105331.17573532992
2023-04-26,103684.2673325447
2023-04-27,105724.78909140716
2023-04-28,105860.85332115776
2023-04-29,106383.55845798031
2023-04-30,105051.21683254697
2023-05-01,102874.4241610471
2023-05-02,103827.39822491091
2023-05-03,104781.30911146922
2023-05-04,103356.7630939111
2023-05-05,105952.52561092675
2023-05-06,102103.88117619925
2023-05-07,101282.13318356675
2023-05-08,97164.25381059648
2023-05-09,98252.62309426341
2023-05-10,98245.02421117204
2023-05-11,95984.2110511679
2023-05-12,97370.3982371128
2023-05-13,96573.46342532834
2023-05-14,97627.48392946714
2023-05-15,98398.79411561435
2023-05-16,99114.92743321286
2023-05-17,100811.53810587167
2023-05-18,98949.72866962056
2023-05-19,99284.61258601301
2023-05-20,99552.59016237881
2023-05-21,97976.298791307
2023-05-22,98540.22164915549
2023-05-23,99525.0676730993
2023-05-24,96247.95378398674
2023-05-25,96189.97413814739
2023-05-26,97222.86765626802
2023-05-27,98566.72520726382
2023-05-28,101412.74567560475
2023-05-29,100916.91380557734
2023-05-30,101694.22914968741
2023-05-31,100262.51808649595
2023-06-01,99543.29496961799
2023-06-02,101686.43679653663
2023-06-03,101351.8558732349
2023-06-04,101879.86344690104
2023-06-05,94881.11672508923
2023-06-06,98287.82660490517
2023-06-07,93420.20617234893
2023-06-08,94117.79676240424
2023-06-09,93000.45983442932
2023-06-10,84966.98646269362
2023-06-11,84940.5156008229
2023-06-12,84629.26430819734
2023-06-13,85396.13913420403
2023-06-14,82034.19440225416
2023-06-15,83000.79498057859
2023-06-16,84382.18555168287
2023-06-17,84904.44416977213
2023-06-18,84479.75625878503
2023-06-19,85249.80005480697
2023-06-20,87498.48317143785
2023-06-21,92584.6916233255
2023-06-22,91760.93453014422
2023-06-23,97697.98034763512
2023-06-24,98416.6789087474
2023-06-25,97388.31110678264
2023-06-26,96791.89099726286
2023-06-27,98380.23651141732
2023-06-28,94232.10783614957
2023-06-29,97882.82278501215
2023-06-30,105103.07757213092
2023-07-01,105266.98311130037
2023-07-02,106937.4105382272
2023-07-03,106750.10513378664
2023-07-04,104936.17322541426
2023-07-05,103100.79522583431
2023-07-06,100690.291544796
2023-07-07,103080.28046566733
2023-07-08,103340.84214687748
2023-07-09,102009.0055259995
2023-07-10,103556.78680712213
2023-07-11,104248.10033757996
2023-07-12,103920.6661871951
2023-07-13,117522.17502081538
2023-07-14,111914.7920804866
2023-07-15,112249.27645017998
2023-07-16,110729.10609098374
2023-07-17,110756.08310266896
2023-07-18,109718.96909135395
2023-07-19,111369.75904369887
2023-07-20,112769.40570213133
2023-07-21,112755.65761125287
2023-07-22,109965.90791447165
2023-07-23,111472.18538444379
2023-07-24,108033.97156692744
2023-07-25,108874.96746164441
2023-07-26,110333.56925002905
2023-07-27,110680.47157050385
2023-07-28,110310.92466241981
2023-07-29,111580.29783848474
2023-07-30,110701.34073835732
2023-07-31,109456.337325988
2023-08-01,110691.97583980628
2023-08-02,106298.3179932243
2023-08-03,104259.83168210881
2023-08-04,103976.37004459549
2023-08-05,104404.63521962846
2023-08-06,103874.05548933044
2023-08-07,104640.63217805355
2023-08-08,106726.57179220532
2023-08-09,107244.6060506487
2023-08-10,106387.7217886499
2023-08-11,105861.03031590424
2023-08-12,105930.92583927646
2023-08-13,104809.97765851533
2023-08-14,105635.9029738666
2023-08-15,102493.76448535948
2023-08-16,98321.93758485484
2023-08-17,89185.61889815962
2023-08-18,89281.19060338105
2023-08-19,90094.04380977042
2023-08-20,90775.90444585068
2023-08-21,89493.1862839046
2023-08-22,88433.60088980633
2023-08-23,91003.04891694352
2023-08-24,89771.60265983052
2023-08-25,89190.95235074742
2023-08-26,88795.64464264413
2023-08-27,89749.40665925473
2023-08-28,89433.70546448845
2023-08-29,94267.87937116846
2023-08-30,91914.58026108045
2023-08-31,88401.62734077316
2023-09-01,87345.4161903749
2023-09-02,87561.21751407134
2023-09-03,87705.28552502266
2023-09-04,87580.76248425111
2023-09-05,88016.7113913593
2023-09-06,87889.36878183346
2023-09-07,88632.5759254606
2023-09-08,87770.17225718051
2023-09-09,87450.89351303417
2023-09-10,85525.86565375447
2023-09-11,82819.28205031292
2023-09-12,84759.00713341564
2023-09-13,85878.72720116301
2023-09-14,87239.82867712926
2023-09-15,88907.66804574968
2023-09-16,88499.99455434812
2023-09-17,87347.75576964825
2023-09-18,89469.06232094798
2023-09-19,90916.1575964194
2023-09-20,90351.38135777853
2023-09-21,88112.73224137494
2023-09-22,88617.86392923782
2023-09-23,89018.26609763087
2023-09-24,87686.37004679261
2023-09-25,89020.78924965809
2023-09-26,88772.8360060455
2023-09-27,89713.14017162735
2023-09-28,92006.12589657982
2023-09-29,92570.47299455942
2023-09-30,93416.12593607447
2023-10-01,96534.1187913847
2023-10-02,94048.42559143138
2023-10-03,93690.2476494139
2023-10-04,93642.16273180187
2023-10-05,92503.8153875819
2023-10-06,93857.29702203229
2023-10-07,93260.29204132667
2023-10-08,92997.88073126496
2023-10-09,89861.12046605171
2023-10-10,89513.33010127844
2023-10-11,88877.95508203367
2023-10-12,87738.42917257894
2023-10-13,88481.91591659462
2023-10-14,88847.85705347409
2023-10-15,89157.78309952214
2023-10-16,92223.17429148692
2023-10-17,90798.7576503143
2023-10-18,90042.89536251425
2023-10-19,91751.16932374673
2023-10-20,94410.98273911815
2023-10-21,97995.4441873898
2023-10-22,100022.09797686066
2023-10-23,106641.73328396717
2023-10-24,105700.94063286808
2023-10-25,107452.04770798
2023-10-26,107948.4649512886
2023-10-27,106240.05485903374
2023-10-28,106694.62663853071
2023-10-29,108222.14168964887
2023-10-30,109927.95248242232
2023-10-31,110880.10602109121
2023-11-01,113507.26994923543
2023-11-02,112143.24785425796
2023-11-03,112832.35280998518
2023-11-04,114799.96109243692
2023-11-05,117328.16348616789
2023-11-06,122071.5446277073
2023-11-07,120377.52934250026
2023-11-08,122827.67445329511
2023-11-09,124631.1669099855
2023-11-10,128886.69070770155
2023-11-11,130186.43145992034
2023-11-12,129249.65194237599
2023-11-13,124076.0637686687
2023-11-14,122805.76286984896
2023-11-15,129857.69504161747
2023-11-16,124019.45280834998
2023-11-17,124963.77622332913
2023-11-18,124031.91094037861
2023-11-19,126949.12105242559
2023-11-20,124783.41080882357
2023-11-21,116405.29143224633
2023-11-22,122994.10570993299
2023-11-23,123478.95216775955
2023-11-24,124388.36890283572
2023-11-25,125819.01388026962
2023-11-26,124390.29021946216
2023-11-27,121941.90544249999
2023-11-28,124124.95819329743
2023-11-29,123938.79527314033
2023-11-30,123980.31051173524
2023-12-01,126163.46854021585
2023-12-02,129759.2873132267
2023-12-03,129662.25908431827
2023-12-04,133339.40297450358
2023-12-05,135035.58060748896
2023-12-06,134571.07972049975
2023-12-07,137839.42870426882
2023-12-08,146137.26617853646
2023-12-09,144491.57557194025
2023-12-10,146493.21474576075
2023-12-11,137358.0504490454
2023-12-12,137896.03088678457
2023-12-13,142069.93458589652
2023-12-14,143853.5005730292
2023-12-15,137528.5921366005
2023-12-16,139178.30694848284
2023-12-17,135551.95784952404
2023-12-18,138052.16052994734
2023-12-19,136176.98021305286
2023-12-20,139838.01140165154
2023-12-21,145924.34247481267
2023-12-22,147848.68537377598
2023-12-23,148526.8086636295
2023-12-24,146666.3958482423
2023-12-25,151004.2495704633
2023-12-26,148754.55870849255
2023-12-27,155994.8389791577
2023-12-28,153233.74796472752
2023-12-29,150624.7919737345
2023-12-30,150475.07151351735
2023-12-31,148777.14070821062
2024-01-01,153987.65544692968
2024-01-02,151644.97997053238
2024-01-03,140831.16455718706
2024-01-04,144592.27575700963
2024-01-05,141809.98110537787
2024-01-06,138224.2360183542
2024-01-07,134912.4265378872
2024-01-08,142962.33751530215
2024-01-09,140329.47544106713
2024-01-10,147835.61456759655
2024-01-11,149939.00169266228
2024-01-12,142236.1038991816
2024-01-13,143370.19109535258
2024-01-14,140623.74539969003
2024-01-15,142769.23633193842
2024-01-16,144232.66104773624
2024-01-17,143713.23288704082
2024-01-18,138545.3703672008
2024-01-19,140579.91211125726
2024-01-20,142361.60952765308
2024-01-21,140689.6585081489
2024-01-22,133671.99693594335
2024-01-23,131448.90670181913
2024-01-24,132448.48408222114
2024-01-25,130839.4787055663
2024-01-26,135249.5319701788
2024-01-27,136287.18077731945
2024-01-28,135943.7416252879
2024-01-29,140151.5634225815
2024-01-30,138743.91358961668
2024-01-31,136124.75626375212
2024-02-01,138818.6890219748
2024-02-02,140284.7887201548
2024-02-03,140008.83914032133
2024-02-04,138424.17661981366
2024-02-05,139480.5823145142
2024-02-06,139756.07248471127
2024-02-07,142697.58227359445
2024-02-08,144632.8157383942
2024-02-09,147870.12399629745
2024-02-10,148960.42685169543
2024-02-11,151184.34334467832
2024-02-12,154973.61256083692
2024-02-13,152084.27646830762
2024-02-14,157608.53893208972
2024-02-15,159048.8933904029
2024-02-16,158821.33685679644
2024-02-17,157297.00078574708
2024-02-18,159521.50301592995
2024-02-19,160995.7907220523
2024-02-20,159032.9899678749
2024-02-21,157132.76340652266
2024-02-22,155440.10823690624
2024-02-23,154302.0526036096
2024-02-24,157766.05180913777
2024-02-25,158580.2665838829
2024-02-26,163821.40863235347
2024-02-27,168440.4790999684
2024-02-28,176609.87765613056
2024-02-29,178752.4624032264
2024-03-01,189007.7186720519
2024-03-02,203038.9940990821
2024-03-03,201634.33991537165
2024-03-04,209535.9281966393
2024-03-05,190402.51451367253
2024-03-06,200003.28914541355
2024-03-07,206328.16389805067
2024-03-08,207456.3336725721
2024-03-09,210512.48730985323
2024-03-10,210736.26409715647
2024-03-11,224256.39668481718
2024-03-12,217871.4407178669
2024-03-13,224650.9677212638
2024-03-14,223313.9670702961
2024-03-15,216945.6300262317
2024-03-16,201507.33357541586
2024-03-17,209790.0773418913
2024-03-18,205987.95572948336
2024-03-19,184342.94850906893
2024-03-20,202781.49253490014
2024-03-21,202224.22216036916
2024-03-22,198677.55156284387
2024-03-23,201283.20357444228
2024-03-24,210683.84374738194
2024-03-25,215305.22746905207
2024-03-26,217573.75691479546
2024-03-27,216975.62047333835
2024-03-28,223404.86738297102
2024-03-29,229137.1221757011
2024-03-30,223627.68693459118
2024-03-31,232973.3423681779
2024-04-01,222275.21320669958
2024-04-02,212984.27106533467
2024-04-03,208620.10917245
2024-04-04,214471.20389643387
2024-04-05,210932.18592546406
2024-04-06,216008.03584684955
2024-04-07,218444.24922077384
2024-04-08,223437.29419607195
2024-04-09,215269.0426572907
2024-04-10,216693.1885807563
2024-04-11,215052.8405926046
2024-04-12,192749.04390923632
2024-04-13,173180.15960082246
2024-04-14,182047.9724608309
2024-04-15,176839.8264466793
2024-04-16,174828.48855438622
2024-04-17,170116.2851085465
2024-04-18,175945.80828880268
2024-04-19,176861.9664776734
2024-04-20,185802.6320288303
2024-04-21,184312.60219286932
2024-04-22,190359.61353872716
2024-04-23,187867.6489085952
2024-04-24,181262.89996290795
2024-04-25,181079.98827595863
2024-04-26,179851.01186538744
2024-04-27,179103.39226956177
2024-04-28,177318.40129497077
2024-04-29,176695.2630766804
2024-04-30,167008.09424427463
2024-05-01,167196.30869478377
2024-05-02,168743.75489337058
2024-05-03,176256.43968491655
2024-05-04,178902.4170521697
2024-05-05,179289.36900747236
2024-05-06,179232.80376983786
2024-05-07,175235.27551639266
2024-05-08,172927.45841184133
2024-05-09,177786.60650450518
2024-05-10,170414.02859197045
2024-05-11,170284.45007509476
2024-05-12,170366.48851702377
2024-05-13,172123.09278628306
2024-05-14,167819.58995765165
2024-05-15,177958.46660937383
2024-05-16,177610.4917810074
2024-05-17,184278.9230354759
2024-05-18,184766.16151870653
2024-05-19,182710.34037519773
2024-05-20,197321.04874429485
2024-05-21,196799.68498243476
2024-05-22,193083.3563658488
2024-05-23,190881.1721331966
2024-05-24,191096.23288230647
2024-05-25,193199.6604645546
2024-05-26,190157.56128383605
2024-05-27,194953.97150504985
2024-05-28,191587.2898663666
2024-05-29,189955.5046955272
2024-05-30,188556.50865392684
2024-05-31,187973.07078318272
2024-06-01,189357.07055183727
2024-06-02,187538.21466296446
2024-06-03,189165.0008679021
2024-06-04,193894.071808103
2024-06-05,196305.34264901362
2024-06-06,194519.0631992518
2024-06-07,186278.69817204756
2024-06-08,183877.1405169535
2024-06-09,185684.71601780195
2024-06-10,182318.94987283426
2024-06-11,174222.4040565133
2024-06-12,179667.52994737666
2024-06-13,173646.52183136242
2024-06-14,170706.99380666352
2024-06-15,173271.84075074462
2024-06-16,174678.87891819305
2024-06-17,170104.99188856286
2024-06-18,163557.03505821095
2024-06-19,164745.43913600701
2024-06-20,164148.027396279
2024-06-21,162789.2997971332
2024-06-22,163001.7148198225
2024-06-23,159678.74081742179
2024-06-24,157012.90085897833
2024-06-25,161974.66022539994
2024-06-26,159537.04307585076
2024-06-27,164592.40887958798
2024-06-28,160389.1369135854
2024-06-29,160377.887072606
2024-06-30,164463.8532123316
2024-07-01,164187.2778138569
2024-07-02,166266.56693013123
2024-07-03,158627.0652625765
2024-07-04,144100.14553523154
2024-07-05,141825.96382828042
2024-07-06,149387.48960932108
2024-07-07,139388.14847611776
2024-07-08,145500.5883120136
2024-07-09,146440.9037566801
2024-07-10,148196.63201145022
2024-07-11,147750.4743213118
2024-07-12,152249.8420173693
2024-07-13,156916.1245549871
2024-07-14,158944.35738109346
2024-07-15,168240.4898903624
2024-07-16,168388.31498978264
2024-07-17,166455.57077864837
2024-07-18,164744.3375439724
2024-07-19,170217.69916453378
2024-07-20,172872.42298639406
2024-07-21,177038.9717388869
2024-07-22,172060.77183994796
2024-07-23,168683.5752065083
2024-07-24,167006.9441544497
2024-07-25,162999.6885896182
2024-07-26,169388.15319243807
2024-07-27,169459.49757078156
2024-07-28,170085.639306943
2024-07-29,170885.72285136327
2024-07-30,169618.13882753332
2024-07-31,165217.1342222571
2024-08-01,163728.81242511654
2024-08-02,152200.29060966976
2024-08-03,148500.7961847536
2024-08-04,139980.18543724535
2024-08-05,127569.93316019305
2024-08-06,133106.62857011866
2024-08-07,132529.94462475434
2024-08-08,145738.09984456142
2024-08-09,141950.07873768453
2024-08-10,142784.24881955984
2024-08-11,135792.1981525829
2024-08-12,141548.42120978533
2024-08-13,142291.93363217084
2024-08-14,139664.47523505162
2024-08-15,137592.15718690417
2024-08-16,138351.61886731244
2024-08-17,140569.17355660186
2024-08-18,138766.427002826
2024-08-19,141471.1801310262
2024-08-20,141018.28510130383
2024-08-21,145358.25841884568
2024-08-22,145762.24561779964
2024-08-23,152439.48334631152
2024-08-24,153436.90655212058
2024-08-25,150874.64443344373
2024-08-26,146252.2372487294
2024-08-27,138407.2503379744
2024-08-28,138943.77018545676
2024-08-29,138705.35739319056
2024-08-30,139170.07236000666
2024-08-31,138384.96792990362
2024-09-01,132797.62618228587
2024-09-02,137383.76375281473
2024-09-03,132616.2411479338
2024-09-04,134081.69909559464
2024-09-05,131843.0681121126
2024-09-06,126018.68627764017
2024-09-07,128203.49813333029
2024-09-08,130163.77430494777
2024-09-09,134324.98957563814
2024-09-10,134914.76942571462
2024-09-11,134867.29879907568
2024-09-12,137282.5549073029
2024-09-13,141191.6688306465
2024-09-14,140401.38879866205
2024-09-15,135783.150645898
2024-09-16,133909.79022867128
2024-09-17,135694.55780292454
2024-09-18,138700.47347869232
2024-09-19,142053.4395597227
2024-09-20,143267.51975738097
2024-09-21,146261.92193229837
2024-09-22,144418.8059964211
2024-09-23,145729.1049885596
2024-09-24,149274.51214964618
2024-09-25,146727.41574849287
2024-09-26,152009.88334317488
2024-09-27,154593.51075288097
2024-09-28,155269.71971393708
2024-09-29,154396.82605923788
2024-09-30,147142.8976998811
2024-10-01,139467.9808807964
2024-10-02,135606.44206503363
2024-10-03,135300.50924161705
2024-10-04,138933.52532215018
2024-10-05,139340.7570045652
2024-10-06,141124.25608783343
2024-10-07,139043.7555636209
2024-10-08,139124.5472754402
2024-10-09,136457.51606725762
2024-10-10,136280.64706756308
2024-10-11,140060.4073955534
2024-10-12,141074.7219452193
2024-10-13,139631.19367219676
2024-10-14,147256.30959607053
2024-10-15,147332.77185998048
2024-10-16,148485.23568654413
2024-10-17,148344.20734815922
2024-10-18,151138.66858520976
2024-10-19,152502.84489712724
2024-10-20,155354.62098780862
2024-10-21,152743.74354512
2024-10-22,151817.82832890213
2024-10-23,149047.95428369284
2024-10-24,151945.7318460089
2024-10-25,144494.7044732064
2024-10-26,146543.89776770584
2024-10-27,149320.80303690143
2024-10-28,153202.56185085358
2024-10-29,158984.64816617602
2024-10-30,156917.1141767131
2024-10-31,150572.99201393433
2024-11-01,150147.22226834178
2024-11-02,149319.88689768544
2024-11-03,145003.41499602032
2024-11-04,142765.76561281478
2024-11-05,147235.34256861097
2024-11-06,161222.7748118221
2024-11-07,165736.79615393607
2024-11-08,170544.64273989084
2024-11-09,177523.55511704457
2024-11-10,191563.79628420481
2024-11-11,205859.0939551519
2024-11-12,201812.11843738094
2024-11-13,202575.80808154139
2024-11-14,200537.35868634278
2024-11-15,212911.27669364508
2024-11-16,224138.03199091967
2024-11-17,217768.3937222471
2024-11-18,225058.74177414295
2024-11-19,223543.73358686594
2024-11-20,222534.10062379294
2024-11-21,236376.5604703815
2024-11-22,251375.82327088335
2024-11-23,258252.28408425907
2024-11-24,256566.22756860667
2024-11-25,244737.3426149799
2024-11-26,242474.40719152204
2024-11-27,255623.45523496644
2024-11-28,254904.69708665047
2024-11-29,265957.7151419838
2024-11-30,269138.6426512542
2024-12-01,282023.90859221644
2024-12-02,295954.8449778612
2024-12-03,296271.2700512598
2024-12-04,298482.74448226707
2024-12-05,294353.35889433674
2024-12-06,306899.4808259777
2024-12-07,308045.0857570496
2024-12-08,311180.96709194046
2024-12-09,273439.9599583442
2024-12-10,270442.42309366347
2024-12-11,284960.8373690056
2024-12-12,289940.9456286955
2024-12-13,293330.7093370358
2024-12-14,287705.95122591633
2024-12-15,293445.44780441205
2024-12-16,290853.01357239974
2024-12-17,291145.51748809963
2024-12-18,265057.60616914387
2024-12-19,246744.1710012192
2024-12-20,251951.51337032238
2024-12-21,246019.17434016222
2024-12-22,241720.05675505666
2024-12-23,253230.77014846503
2024-12-24,259367.5602034521
2024-12-25,257840.18254068543
2024-12-26,243578.0111600373
2024-12-27,241546.30090906264
2024-12-28,247602.7703573606
2024-12-29,240055.53303542512
2024-12-30,240069.46801677867
2024-12-31,239444.5039059955
2025-01-01,249341.71310499788
2025-01-02,256116.42464615902
2025-01-03,269862.8736456926
2025-01-04,270231.0893923013
2025-01-05,269529.098312389
2025-01-06,273543.9164145074
2025-01-07,250477.79057981074
2025-01-08,246995.18257154655
2025-01-09,238248.193329815
2025-01-10,244695.5310824186
2025-01-11,249058.65323342037
2025-01-12,246467.27815694542
2025-01-13,241577.62481273635
2025-01-14,250361.0994898424
2025-01-15,270714.2993332052
2025-01-16,273516.8413692188
2025-01-17,288337.3589713508
2025-01-18,284048.4923257021
2025-01-19,266885.2461894341
2025-01-20,269699.10347334686
2025-01-21,276806.54929024476
2025-01-22,271953.622514346
2025-01-23,271580.880083012
2025-01-24,270256.0181600798
2025-01-25,272976.2215899988
2025-01-26,263487.25388292776
2025-01-27,261367.70930859554
2025-01-28,252981.65208280305
2025-01-29,258073.32228740153
2025-01-30,267517.72993088426
2025-01-31,264766.4431221176
2025-02-01,249138.99491590293
2025-02-02,227410.52672660627
2025-02-03,232639.5080306512
2025-02-04,217606.02479453484
2025-02-05,213683.54963923807
2025-02-06,208392.62711092157
2025-02-07,209152.6371095835
2025-02-08,212463.71725363116
2025-02-09,211957.8692953267
2025-02-10,217661.8797979534
2025-02-11,218784.35567614753
2025-02-12,226011.033200916
2025-02-13,224358.55935108085
2025-02-14,228300.12544464387
2025-02-15,227897.22965613694
2025-02-16,223458.52965034518
2025-02-17,222153.19281698923
2025-02-18,216066.11803266144
2025-02-19,220463.5254133476
2025-02-20,222213.8630633049
2025-02-21,214058.95612720386
2025-02-22,217410.4141981755
2025-02-23,217564.3532906002
2025-02-24,191976.91980115717
2025-02-25,192358.1239936147
2025-02-26,187361.9506183079
2025-02-27,187912.78158388886
2025-02-28,187796.15057186008
2025-03-01,188630.1814037476
2025-03-02,220141.68935811165
2025-03-03,184796.69999957565
2025-03-04,187109.45238633477
2025-03-05,196854.7547909911
2025-03-06,195789.33155192906
2025-03-07,188600.50608823597
2025-03-08,186124.6043889938
2025-03-09,169956.21511461108
2025-03-10,158516.23886893343
2025-03-11,166265.48050681758
2025-03-12,169860.84359857353
2025-03-13,164805.28920744552
2025-03-14,171146.2838526664
2025-03-15,174717.72059972025
2025-03-16,167779.87701288084
2025-03-17,172011.46999674098
2025-03-18,169324.78872022987
2025-03-19,178570.95792593947
2025-03-20,172558.56268629906
2025-03-21,170359.76873981216
2025-03-22,170473.44490969644
2025-03-23,173281.26608400725
2025-03-24,178778.682219298
2025-03-25,180478.62540637626
2025-03-26,177358.4228912615
2025-03-27,177600.8584190719
2025-03-28,167986.18794678643
2025-03-29,162005.42325139765
2025-03-30,160931.59316892922
2025-03-31,160550.00219137745
2025-04-01,164780.85224178014
2025-04-02,155814.76838814246
2025-04-03,157375.9627002459
2025-04-04,160129.28047977216
2025-04-05,158974.4133807428
2025-04-06,140684.33111882088
2025-04-07,141300.7434387195
2025-04-08,136275.3945876061
2025-04-09,151310.89206695848
2025-04-10,144839.18367374392
2025-04-11,150805.45776199343
2025-04-12,158576.43982878953
2025-04-13,154837.39646928408
2025-04-14,153951.3042307266
2025-04-15,150391.9585755451
2025-04-16,151226.5486121885
2025-04-17,153121.30369000018
2025-04-18,153677.19562532075
2025-04-19,155391.2692657451
2025-04-20,155255.05982520085
2025-04-21,156406.5708044624
2025-04-22,167982.63290287196
2025-04-23,169583.71873026
2025-04-24,170488.05500410983
2025-04-25,170998.5582147823
2025-04-26,170548.22318103773
2025-04-27,168802.66845859087
2025-04-28,170996.74257435638
2025-04-29,168891.49680591567
2025-04-30,167362.42875103623
2025-05-01,171304.5462568878
2025-05-02,171776.46090148555
2025-05-03,168854.33154633016
2025-05-04,165281.52083500402
2025-05-05,164832.8419667378
2025-05-06,168773.16820754242
2025-05-07,168391.99950656228
2025-05-08,186381.9147568975
2025-05-09,191281.57156147086
2025-05-10,203684.82332595208
2025-05-11,196129.47653081143
2025-05-12,198153.38988314275
2025-05-13,203065.35974316622
2025-05-14,198150.90624815546
2025-05-15,191566.43060067386
2025-05-16,190784.49247850574
2025-05-17,187305.8470736687
2025-05-18,194006.188325861
2025-05-19,190415.85376473234
2025-05-20,190105.7616885026
2025-05-21,195154.8736279927
2025-05-22,202735.12882943553
2025-05-23,191365.813178161
2025-05-24,191856.89241318198
2025-05-25,192971.05033425675
2025-05-26,192580.2471035843
2025-05-27,194366.2454183054
2025-05-28,192830.01875359312
2025-05-29,187700.49146707112
2025-05-30,177616.5665038261
2025-05-31,179015.29455640767
2025-06-01,179476.02674362305
2025-06-02,180662.38689208814
2025-06-03,180146.5855069503
2025-06-04,177945.00515613586
2025-06-05,167602.10712525935
2025-06-06,173167.15533332896
2025-06-07,176293.8835094034
2025-06-08,177015.89747428804
2025-06-09,184676.77293325946
2025-06-10,189262.7644057013
2025-06-11,185186.03276148994
2025-06-12,177004.08130748672
2025-06-13,175706.2229077255
2025-06-14,172357.75434802592
2025-06-15,175320.97614622486
2025-06-16,176052.58427087698
2025-06-17,172098.43545661558
2025-06-18,172328.6513911003
2025-06-19,173588.433538219
2025-06-20,167597.24320104774
2025-06-21,162426.56538012245
2025-06-22,158886.17816113078
2025-06-23,169089.36309763178
2025-06-24,170274.24533236184
